Gene,BasePOS,BaseDepth,Agreents,Ref,Alt,AAref,AAalt,AAPOS,CodonCoverage,VAF(DP4),AF,Mutation,QD,SOR,MQ,MQRankSum,Filter,FilterDescription,Candidates,Reportable
mitochondrial_genome,802,3531,NA,NA,NA,Y,Y,268,NA,NA,NA,Wildtype,NA,NA,NA,NA,NA,"NA,NA,NA,NA",no,no
mitochondrial_genome,772,4377,NA,NA,NA,I,I,258,NA,NA,NA,Wildtype,NA,NA,NA,NA,NA,"NA,NA,NA,NA",no,no
PfMDR1,3736,1712,NA,NA,NA,D,D,1246,NA,NA,NA,Wildtype,NA,NA,NA,NA,NA,"NA,NA,NA,NA",no,no
PfMDR1,3124,2066,NA,NA,NA,N,N,1042,NA,NA,NA,Wildtype,NA,NA,NA,NA,NA,"NA,NA,NA,NA",no,no
PfMDR1,3100,2137,NA,NA,NA,S,S,1034,NA,NA,NA,Wildtype,NA,NA,NA,NA,NA,"NA,NA,NA,NA",no,no
PfMDR1,551,551,"Samtools,GATK,Freebayes",A,T,Y,F,184,551,9.16,1.0,Major,28.3,0.817,42,None,0.65375,"Bad,Good,Good,NA",no,reportable
PfMDR1,256,712,NA,NA,NA,N,N,86,NA,NA,NA,Wildtype,NA,NA,NA,NA,NA,"NA,NA,NA,NA",no,no
PfCRT,2455,152,NA,NA,NA,C,C,350,NA,NA,NA,Wildtype,NA,NA,NA,NA,NA,"NA,NA,NA,NA",no,no
PfCRT,486,874,NA,NA,NA,C,C,72,NA,NA,NA,Wildtype,NA,NA,NA,NA,NA,"NA,NA,NA,NA",no,no
PfCRT,2712,14,"Samtools,GATK,Freebayes",G,T,R,I,371,13,0.8571428571428571,0.5,Major,23.05,1.445,42,0.0,0.588125,"Bad,Good,Good,Good",no,reportable
PfCRT,2474,150,"Samtools,GATK,Freebayes",T,C,I,T,356,150,0.8666666666666667,1.0,Major,20.52,0.724,41,-1.423,0.5493571428571429,"Bad,Good,Good,Good",no,reportable
PfCRT,2464,152,NA,NA,NA,G,G,353,NA,NA,NA,Wildtype,NA,NA,NA,NA,NA,"NA,NA,NA,NA",no,no
PfCRT,499,979,"Samtools,GATK",A,C,K,T,76,977,2.5187319884726227,1.0,Major,26.88,0.683,41,-2.121,0.6288571428571428,"Bad,Good,Good,Good",no,reportable
PfCRT,2434,156,NA,NA,NA,M,M,343,NA,NA,NA,Wildtype,NA,NA,NA,NA,NA,"NA,NA,NA,NA",no,no
PfCRT,561,1055,NA,NA,NA,H,H,97,NA,NA,NA,Wildtype,NA,NA,NA,NA,NA,"NA,NA,NA,NA",no,no
PfCRT,492,950,NA,NA,NA,M,M,74,NA,NA,NA,Wildtype,NA,NA,NA,NA,NA,"NA,NA,NA,NA",no,no
PfCRT,489,906,NA,NA,NA,V,V,73,NA,NA,NA,Wildtype,NA,NA,NA,NA,NA,"NA,NA,NA,NA",no,no
PfCRT,495,959,NA,NA,NA,N,N,75,NA,NA,NA,Wildtype,NA,NA,NA,NA,NA,"NA,NA,NA,NA",no,no
PfCRT,549,1063,NA,NA,NA,T,T,93,NA,NA,NA,Wildtype,NA,NA,NA,NA,NA,"NA,NA,NA,NA",no,no
PfCRT,2235,12,NA,NA,NA,N,N,326,NA,NA,NA,Wildtype,NA,NA,NA,NA,NA,"NA,NA,NA,NA",no,no
PfCRT,884,841,NA,NA,NA,F,F,145,NA,NA,NA,Wildtype,NA,NA,NA,NA,NA,"NA,NA,NA,NA",no,no
PfCRT,1275,110,NA,NA,NA,I,I,218,NA,NA,NA,Wildtype,NA,NA,NA,NA,NA,"NA,NA,NA,NA",no,no
PfCRT,1281,101,"Samtools,GATK,Freebayes",G,T,A,S,220,101,0.9504950495049505,1.0,Major,21.95,0.446,41,-0.554,0.5672321428571429,"Bad,Good,Good,Good",no,reportable
PfCRT,1710,175,"Samtools,GATK,Freebayes",C,G,Q,E,271,174,0.9022988505747126,1.0,Major,22.62,0.813,37,-1.598,0.5470357142857143,"Bad,Good,Bad,Good",no,reportable
K13,1615,6828,NA,NA,NA,R,R,539,NA,NA,NA,Wildtype,NA,NA,NA,NA,NA,"NA,NA,NA,NA",no,no
K13,1864,6978,NA,NA,NA,R,R,622,NA,NA,NA,Wildtype,NA,NA,NA,NA,NA,"NA,NA,NA,NA",no,no
K13,1750,7998,NA,NA,NA,D,D,584,NA,NA,NA,Wildtype,NA,NA,NA,NA,NA,"NA,NA,NA,NA",no,no
K13,1738,7834,NA,NA,NA,C,C,580,NA,NA,NA,Wildtype,NA,NA,NA,NA,NA,"NA,NA,NA,NA",no,no
K13,1732,7994,NA,NA,NA,A,A,578,NA,NA,NA,Wildtype,NA,NA,NA,NA,NA,"NA,NA,NA,NA",no,no
K13,1720,7988,NA,NA,NA,P,P,574,NA,NA,NA,Wildtype,NA,NA,NA,NA,NA,"NA,NA,NA,NA",no,no
K13,1702,7966,NA,NA,NA,V,V,568,NA,NA,NA,Wildtype,NA,NA,NA,NA,NA,"NA,NA,NA,NA",no,no
K13,1681,7758,NA,NA,NA,R,R,561,NA,NA,NA,Wildtype,NA,NA,NA,NA,NA,"NA,NA,NA,NA",no,no
K13,1657,7517,NA,NA,NA,P,P,553,NA,NA,NA,Wildtype,NA,NA,NA,NA,NA,"NA,NA,NA,NA",no,no
K13,2023,3422,NA,NA,NA,A,A,675,NA,NA,NA,Wildtype,NA,NA,NA,NA,NA,"NA,NA,NA,NA",no,no
K13,1627,6941,NA,NA,NA,I,I,543,NA,NA,NA,Wildtype,NA,NA,NA,NA,NA,"NA,NA,NA,NA",no,no
K13,1612,6912,NA,NA,NA,G,G,538,NA,NA,NA,Wildtype,NA,NA,NA,NA,NA,"NA,NA,NA,NA",no,no
K13,1372,6507,NA,NA,NA,N,N,458,NA,NA,NA,Wildtype,NA,NA,NA,NA,NA,"NA,NA,NA,NA",no,no
K13,1321,5836,NA,NA,NA,P,P,441,NA,NA,NA,Wildtype,NA,NA,NA,NA,NA,"NA,NA,NA,NA",no,no
K13,1609,6854,NA,NA,NA,N,N,537,NA,NA,NA,Wildtype,NA,NA,NA,NA,NA,"NA,NA,NA,NA",no,no
K13,1336,6109,NA,NA,NA,F,F,446,NA,NA,NA,Wildtype,NA,NA,NA,NA,NA,"NA,NA,NA,NA",no,no
K13,1345,6200,NA,NA,NA,G,G,449,NA,NA,NA,Wildtype,NA,NA,NA,NA,NA,"NA,NA,NA,NA",no,no
K13,1441,7167,NA,NA,NA,A,A,481,NA,NA,NA,Wildtype,NA,NA,NA,NA,NA,"NA,NA,NA,NA",no,no
K13,1405,6828,NA,NA,NA,C,C,469,NA,NA,NA,Wildtype,NA,NA,NA,NA,NA,"NA,NA,NA,NA",no,no
K13,1426,7201,NA,NA,NA,M,M,476,NA,NA,NA,Wildtype,NA,NA,NA,NA,NA,"NA,NA,NA,NA",no,no
K13,1477,7130,NA,NA,NA,Y,Y,493,NA,NA,NA,Wildtype,NA,NA,NA,NA,NA,"NA,NA,NA,NA",no,no
K13,1543,7164,NA,NA,NA,R,R,515,NA,NA,NA,Wildtype,NA,NA,NA,NA,NA,"NA,NA,NA,NA",no,no
K13,1579,6990,NA,NA,NA,P,P,527,NA,NA,NA,Wildtype,NA,NA,NA,NA,NA,"NA,NA,NA,NA",no,no
DHPS,1482,1482,"Samtools,GATK,Freebayes",T,G,S,A,436,1477,14.610441767068274,1.0,Major,30.69,0.942,42,-0.034,0.6836249999999999,"Bad,Good,Good,Good",no,reportable
DHPS,1486,1486,"Samtools,GATK",C,G,A,G,437,1462,14.55421686746988,1.0,Major,32.05,0.955,42,None,0.7006249999999999,"Bad,Good,Good,NA",no,reportable
DHPS,1794,1271,NA,NA,NA,K,K,540,NA,NA,NA,Wildtype,NA,NA,NA,NA,NA,"NA,NA,NA,NA",no,no
DHPS,1917,2846,NA,NA,NA,A,A,581,NA,NA,NA,Wildtype,NA,NA,NA,NA,NA,"NA,NA,NA,NA",no,no
DHPS,2013,4269,"Samtools,GATK,Freebayes",G,T,A,S,613,4263,12.239215686274509,1.0,Major,24.79,0.663,41,-0.2,0.6027321428571428,"Bad,Good,Good,Good",no,reportable
DHFR,46,3528,NA,NA,NA,A,A,16,NA,NA,NA,Wildtype,NA,NA,NA,NA,NA,"NA,NA,NA,NA",no,no
DHFR,175,6924,"Samtools,GATK,Freebayes",T,C,C,R,59,6910,11.98876404494382,1.0,Major,32.83,0.711,28,None,0.610375,"Bad,Good,Bad,NA",no,reportable
DHFR,323,6042,"Samtools,GATK,Freebayes",G,A,S,N,108,6052,16.9812734082397,1.0,Major,32.06,0.93,41,None,0.6936071428571429,"Bad,Good,Good,NA",no,reportable
DHFR,490,2631,NA,NA,NA,I,I,164,NA,NA,NA,Wildtype,NA,NA,NA,NA,NA,"NA,NA,NA,NA",no,no
DHFR,152,6545,"Samtools,GATK,Freebayes",A,T,N,I,51,6551,10.427397260273972,1.0,Major,28.43,0.777,25,None,0.5339464285714286,"Bad,Good,Bad,NA",no,reportable
